City_ID,City,Lat,Lng,Max Temp,Humidity,Cloudiness,Wind Speed,Country,Date
0,adamstown,-25.066,-130.1015,22.477777777777774,72,31,6.89,PN,1712428394
1,port-aux-francais,-49.35,70.2167,9.022222222222224,94,100,34.67,TF,1712428394
2,makokou,0.5738,12.8642,21.999999999999996,93,100,1.63,GA,1712428680
3,ushuaia,-54.8,-68.3,4.811111111111109,65,75,32.21,AR,1712428680
4,margaret river,-33.95,115.0667,15.3,75,1,13.2,AU,1712428397
5,ta`u,-14.2336,-169.5144,28.45,74,100,5.68,AS,1712428681
6,waitangi,-43.9535,-176.5597,10.46111111111111,64,61,16.6,NZ,1712428681
7,blackmans bay,-43.0167,147.3167,13.622222222222225,87,100,2.59,AU,1712428405
8,thompson,55.7435,-97.8558,10.088888888888887,34,75,9.22,CA,1712428394
9,punta arenas,-53.15,-70.9167,7.061111111111112,65,75,31.07,CL,1712428538
10,san julian,21.0167,-102.1667,26.599999999999998,15,100,14.74,MX,1712428681
11,anna regina,7.2644,-58.5077,29.777777777777775,62,96,8.01,GY,1712428681
12,happy valley-goose bay,53.3168,-60.3315,2.1722222222222203,64,20,3.44,CA,1712428681
13,chernyshevskiy,63.0128,112.4714,-28.922222222222224,100,99,2.89,RU,1712428681
14,vila velha,-20.3297,-40.2925,29.42222222222222,83,20,12.66,BR,1712428565
15,collie,-33.3667,116.15,13.388888888888891,78,0,5.79,AU,1712428682
16,urucui,-7.2294,-44.5561,30.33888888888889,65,55,1.9,BR,1712428682
17,tiksi,71.6872,128.8694,-28.85,99,78,5.68,RU,1712428682
18,ca mau,9.1769,105.15,26.07777777777778,84,36,0.85,VN,1712428682
19,stanley,54.868,-1.6985,14.772222222222224,62,20,12.66,GB,1712428493
20,ambatofinandrahana,-20.55,46.8,18.138888888888893,73,32,3.67,MG,1712428683
21,albany,42.6001,-73.9662,8.838888888888887,64,100,4.0,US,1712428575
22,wailua homesteads,22.0669,-159.378,23.23888888888889,68,40,20.71,US,1712428683
23,mount isa,-20.7333,139.5,19.87222222222222,49,100,12.66,AU,1712428683
24,port mathurin,-19.6833,63.4167,26.05,94,75,9.22,MU,1712428403
25,isla aguada,18.7833,-91.4667,32.022222222222226,64,0,9.48,MX,1712428683
26,plastun,44.7561,136.2939,3.5111111111111115,85,63,2.55,RU,1712428683
27,klyuchi,52.2667,79.1667,11.05,50,90,3.15,RU,1712428410
28,puerto ayora,-0.7393,-90.3518,28.977777777777778,91,50,4.0,EC,1712428406
29,grytviken,-54.2811,-36.5092,4.100000000000001,73,100,12.08,GS,1712428393
30,ilulissat,69.2167,-51.1,-3.988888888888889,50,75,3.44,GL,1712428684
31,skelleftea,64.7507,20.9528,-0.8000000000000007,84,100,8.05,SE,1712428684
32,oranjemund,-28.55,16.4333,15.288888888888891,90,6,8.16,NA,1712428399
33,lumberton,34.6182,-79.0086,16.572222222222223,36,0,12.66,US,1712428684
34,georgetown,5.4112,100.3354,29.972222222222225,72,20,2.3,MY,1712428477
35,puerto natales,-51.7236,-72.4875,5.250000000000002,81,100,24.16,CL,1712428684
36,hermanus,-34.4187,19.2345,17.672222222222224,76,18,27.42,ZA,1712428403
37,khandyga,62.6667,135.6,-13.8,99,100,2.13,RU,1712428684
38,barrouallie,13.2333,-61.2667,28.788888888888888,74,40,9.22,VC,1712428685
39,cold lake,54.4502,-110.2017,3.9722222222222214,75,100,10.36,CA,1712428476
40,papao,-17.75,-149.55,28.82222222222222,76,100,6.91,PF,1712428685
41,petropavlovsk-kamchatsky,53.0452,158.6483,-2.6722222222222216,74,0,14.0,RU,1712428594
42,minab,27.1467,57.0801,24.88888888888889,64,0,2.84,IR,1712428685
43,saipan,15.1355,145.701,26.38888888888889,89,20,12.66,MP,1712428685
44,ribeira grande,38.5167,-28.7,16.222222222222225,72,40,25.32,PT,1712428394
45,novohrad-volynskyi,50.5941,27.6165,10.211111111111112,82,7,6.89,UA,1712428685
46,bredasdorp,-34.5322,20.0403,16.02777777777778,79,78,23.55,ZA,1712428394
47,kisangani,0.5167,25.2,22.17222222222222,98,100,1.59,CD,1712428686
48,oituz,46.2,26.6167,11.272222222222222,87,61,4.72,RO,1712428686
49,onega,63.9061,38.1404,-2.177777777777779,94,100,10.29,RU,1712428686
50,fort-shevchenko,44.5086,50.263,10.13888888888889,81,0,7.27,KZ,1712428686
51,kolonia,50.9333,6.95,23.272222222222222,38,0,6.91,DE,1712428513
52,kapuskasing,49.4169,-82.4331,7.049999999999999,33,0,11.5,CA,1712428686
53,ust-nera,64.5667,143.2,-19.522222222222222,100,66,3.22,RU,1712428422
54,kunmadaras,47.4333,20.8,13.661111111111113,93,37,7.4,HU,1712428687
55,bethel,41.3712,-73.414,10.572222222222223,54,75,13.8,US,1712428398
56,papatowai,-46.5619,169.4708,7.972222222222223,94,28,3.13,NZ,1712428395
57,nova sintra,14.8667,-24.7167,23.42222222222222,75,61,18.21,CV,1712428687
58,dudinka,69.4058,86.1778,-16.672222222222224,93,100,19.77,RU,1712428687
59,utrik,11.2278,169.8474,26.838888888888892,78,85,21.03,MH,1712428687
60,longyearbyen,78.2186,15.6401,-22.86111111111111,81,11,2.01,SJ,1712428403
61,portland,45.5234,-122.6762,8.988888888888889,85,100,8.05,US,1712428238
62,holualoa,19.6228,-155.9522,23.911111111111115,76,75,8.05,US,1712428397
63,hawaiian paradise park,19.5933,-154.9731,24.372222222222227,78,75,11.5,US,1712428688
64,ribeira brava,32.65,-17.0667,20.0,81,40,9.95,PT,1712428688
65,melipilla,-33.7,-71.2167,28.138888888888893,46,0,10.49,CL,1712428688
66,valle vista,33.7478,-116.8934,16.12777777777778,57,3,3.0,US,1712428688
67,mar del plata,-38.0023,-57.5575,28.072222222222223,44,0,19.57,AR,1712428676
68,mana,5.6592,-53.7767,29.227777777777778,65,100,9.37,GF,1712428688
69,keflavik,64.0049,-22.5624,0.9500000000000005,59,40,26.46,IS,1712428424
70,hithadhoo,-0.6,73.0833,26.622222222222224,83,100,10.02,MV,1712428689
71,plesetsk,62.708,40.2916,-0.049999999999999926,98,100,10.58,RU,1712428689
72,betioky,-23.7167,44.3833,22.477777777777774,78,94,5.03,MG,1712428689
73,lyantor,61.6195,72.1555,-13.761111111111111,89,7,7.96,RU,1712428689
74,gadzhiyevo,69.2551,33.3362,-10.88888888888889,93,26,7.76,RU,1712428401
75,kavaratti,10.5669,72.642,29.038888888888888,75,38,8.5,IN,1712428689
76,nova xavantina,-14.6667,-52.35,29.327777777777783,73,33,3.36,BR,1712428689
77,axim,4.8699,-2.2405,28.400000000000002,79,7,7.58,GH,1712428689
78,olonkinbyen,70.9221,-8.7187,-6.211111111111111,64,100,15.01,SJ,1712428690
79,tercan,39.7794,40.3925,8.599999999999998,64,100,1.77,TR,1712428690
80,praia,14.9215,-23.5087,27.3,47,20,23.02,CV,1712428690
81,aasiaat,68.7098,-52.8699,-6.072222222222222,81,100,5.75,GL,1712428690
82,avarua,-21.2078,-159.775,25.02777777777778,94,75,6.91,CK,1712428690
83,new norfolk,-42.7826,147.0587,14.27777777777778,92,100,1.14,AU,1712428690
84,whitehorse,60.7161,-135.0538,1.172222222222222,74,75,11.5,CA,1712428513
85,port elizabeth,-33.918,25.5701,16.722222222222225,89,20,11.5,ZA,1712428398
86,afaahiti,-17.75,-149.2833,27.927777777777777,82,100,10.71,PF,1712428415
87,hasaki,35.7333,140.8333,15.161111111111111,95,100,16.82,JP,1712428400
88,edinburgh of the seven seas,-37.0676,-12.3116,19.061111111111114,93,100,20.04,SH,1712428395
89,kourou,5.1552,-52.6478,31.027777777777775,64,100,7.2,GF,1712428691
90,port alfred,-33.5906,26.891,18.47777777777778,70,100,19.48,ZA,1712428691
91,sargur,11.9833,76.4167,23.5,87,24,7.87,IN,1712428691
92,sao vicente,-23.9631,-46.3919,29.099999999999998,63,100,9.22,BR,1712428497
93,san,13.3034,-4.8956,36.272222222222226,30,100,8.99,ML,1712428691
94,belmonte,-15.8631,-38.8828,28.322222222222226,68,5,9.55,BR,1712428691
95,geraldton,-28.7667,114.6,18.22777777777778,94,100,5.75,AU,1712428692
96,tanjung sepat,2.6579,101.5629,28.077777777777783,89,20,2.3,MY,1712428692
97,lerwick,60.1545,-1.1494,10.0,82,53,30.33,GB,1712428692
98,tsiombe,-25.3,45.4833,22.622222222222224,97,85,2.39,MG,1712428692
99,vilyuchinsk,52.9306,158.4028,-1.8499999999999992,79,83,10.0,RU,1712428692
100,zhalantun,48.0,122.7167,-2.000000000000001,55,0,3.18,CN,1712428692
101,enewetak,11.3474,162.3373,27.26111111111111,75,73,17.87,MH,1712428692
102,kone,-21.0595,164.8658,22.22222222222222,86,100,4.56,NC,1712428692
103,sao jose da coroa grande,-8.8978,-35.1478,28.911111111111115,71,25,8.9,BR,1712428693
104,kirriemuir,56.674,-3.0034,12.127777777777778,74,73,25.7,GB,1712428693
105,constantia,44.1833,28.65,15.388888888888891,79,100,10.78,RO,1712428693
106,jamestown,42.097,-79.2353,9.772222222222224,53,40,11.5,US,1712428675
107,bida,9.0833,6.0167,32.87777777777778,42,10,6.91,NG,1712428693
108,masterton,-40.9597,175.6575,7.277777777777779,95,4,0.94,NZ,1712428693
109,taoudenni,22.6783,-3.9836,33.5,7,0,8.16,ML,1712428693
110,verin,41.9415,-7.4381,11.761111111111113,79,100,1.77,ES,1712428693
111,abadan,30.3392,48.3043,24.972222222222225,36,0,2.3,IR,1712428419
112,sogndal,61.2283,7.1003,4.21111111111111,93,100,10.36,NO,1712428694
113,mpongwe,-13.5091,28.155,19.07777777777778,96,100,5.19,ZM,1712428694
114,freetown,8.484,-13.2299,26.538888888888888,83,100,9.08,SL,1712428694
115,christchurch,-43.5333,172.6333,6.622222222222224,95,18,2.3,NZ,1712428651
116,isafjordur,66.0755,-23.124,-4.561111111111112,71,90,31.76,IS,1712428414
117,bereznik,62.8551,42.7072,-0.8777777777777769,97,100,11.56,RU,1712428694
118,urengoy,65.9667,78.3667,-12.372222222222222,91,10,14.54,RU,1712428408
119,port hueneme,34.1478,-119.1951,17.922222222222224,49,0,6.91,US,1712428694
120,la libertad,-2.2333,-80.9,29.81111111111111,70,20,9.22,EC,1712428694
121,emerald,-23.5333,148.1667,19.627777777777776,99,98,9.64,AU,1712428540
122,sarmiento,-45.5882,-69.07,19.061111111111114,39,22,32.75,AR,1712428515
123,arraial do cabo,-22.9661,-42.0278,27.977777777777778,74,20,10.36,BR,1712428563
124,aykhal,66.0,111.5,-20.650000000000002,100,100,12.84,RU,1712428695
125,qaqortoq,60.7167,-46.0333,-0.6277777777777772,55,100,3.06,GL,1712428695
126,astorga,-23.2325,-51.6656,31.12777777777778,37,6,8.32,BR,1712428695
127,kozel'sk,54.0375,35.7716,4.811111111111109,94,86,4.25,RU,1712428396
128,rosarito,32.3333,-117.0333,16.900000000000002,55,2,8.95,MX,1712428424
129,payson,40.0444,-111.7321,4.672222222222221,56,75,11.01,US,1712428407
130,taroa,8.7058,171.2275,27.48888888888889,79,75,18.84,MH,1712428696
131,minas de marcona,-15.2119,-75.1103,21.422222222222224,66,58,19.15,PE,1712428699
132,praia da vitoria,38.7333,-27.0667,16.13888888888889,67,40,15.75,PT,1712428405
133,lihue,21.9789,-159.3672,23.57777777777778,67,40,20.71,US,1712428699
134,krasnogvardeyskoye,45.8456,41.5186,11.511111111111111,59,41,2.24,RU,1712428700
135,narok,-1.0783,35.8601,15.799999999999999,95,100,3.98,KE,1712428700
136,uturoa,-16.7333,-151.4333,29.122222222222224,75,94,10.71,PF,1712428700
137,college,64.8569,-147.8028,0.9999999999999984,72,75,3.44,US,1712428701
138,eureka,40.8021,-124.1637,15.111111111111112,58,100,3.0,US,1712428691
139,sitka,57.0531,-135.33,3.938888888888891,81,40,5.75,US,1712428472
140,extrema,-22.8547,-46.3183,24.62222222222222,60,18,8.37,BR,1712428701
141,ola,59.5833,151.2833,-9.922222222222222,90,59,5.68,RU,1712428701
142,point pedro,9.8167,80.2333,27.477777777777774,79,85,10.83,LK,1712428701
143,kuta,-8.7233,115.1723,25.972222222222225,94,75,11.99,ID,1712428701
144,barra do corda,-5.5,-45.25,28.127777777777776,86,94,2.93,BR,1712428701
145,dengi,9.3667,9.95,33.82777777777778,30,38,2.51,NG,1712428702
146,tamandare,-8.7597,-35.1047,29.150000000000002,69,4,8.5,BR,1712428702
147,sosnovaya polyana,59.8353,30.1467,3.377777777777777,96,75,6.71,RU,1712428702
148,cill airne,52.05,-9.5167,11.027777777777779,71,75,18.41,IE,1712428702
149,howard springs,-12.497,131.047,26.950000000000003,89,77,5.03,AU,1712428702
150,lebu,-37.6167,-73.65,17.17777777777778,66,2,6.93,CL,1712428702
151,dryden,49.7833,-92.7503,10.161111111111111,34,0,12.66,CA,1712428702
152,shiraoi,42.55,141.35,7.3388888888888895,95,100,3.29,JP,1712428703
153,vorgashor,67.5833,63.95,-9.549999999999999,91,90,11.72,RU,1712428404
154,kodiak,57.79,-152.4072,0.7277777777777791,75,0,0.0,US,1712428405
155,tindouf,27.6711,-8.1474,34.25000000000001,9,40,5.75,DZ,1712428703
156,krasnogorskoye,52.2953,86.1979,11.161111111111113,89,44,2.13,RU,1712428703
157,san patricio,28.017,-97.5169,26.92222222222222,74,100,20.15,US,1712428412
158,st. john's,47.5649,-52.7093,3.48888888888889,84,100,19.57,CA,1712428516
159,saint-paul,-21.0096,55.2707,27.06111111111111,85,16,1.36,RE,1712428704
160,karratha,-20.7377,116.8463,25.827777777777776,52,14,7.14,AU,1712428431
161,dabakala,8.3667,-4.4333,31.650000000000002,49,100,4.5,CI,1712428704
162,invercargill,-46.4,168.35,6.872222222222221,100,77,3.24,NZ,1712428704
163,gebog,-6.735,110.8444,24.011111111111113,91,100,2.01,ID,1712428704
164,kharp,66.8014,65.8081,-5.722222222222223,91,77,6.26,RU,1712428704
165,hola,51.5377,23.1902,12.100000000000001,72,32,5.55,PL,1712428704
166,xinqing,48.2333,129.5,-2.872222222222223,86,100,14.32,CN,1712428704
167,puerto san jose,13.9256,-90.8244,31.572222222222223,56,4,12.44,GT,1712428705
168,aromashevo,56.8602,68.6375,-5.3,71,12,10.67,RU,1712428705
169,ngambe,4.2333,10.6167,22.28888888888889,98,100,0.94,CM,1712428705
170,iqaluit,63.7506,-68.5145,-10.15,72,75,25.32,CA,1712428705
171,kasaragod,12.5,75.0,26.811111111111114,83,100,3.42,IN,1712428705
172,kerikeri,-35.2268,173.9474,16.522222222222226,78,99,9.78,NZ,1712428410
173,lulea,65.5842,22.1547,-5.961111111111111,93,57,5.75,SE,1712428705
174,rawson,-43.3002,-65.1023,24.011111111111113,30,0,20.56,AR,1712428706
175,vorkuta,67.5,64.0,-9.37777777777778,91,88,15.99,RU,1712428424
176,margate,51.3813,1.3862,16.038888888888888,73,100,25.46,GB,1712428622
177,alghero,40.5589,8.3181,17.05,67,0,6.91,IT,1712428493
178,bilibino,68.0546,166.4372,-23.23888888888889,90,49,2.86,RU,1712428706
179,tolanaro,-25.0319,46.9987,26.03888888888889,89,0,11.5,MG,1712428413
180,broken hill,-31.95,141.4333,13.872222222222222,83,0,8.14,AU,1712428703
181,juegang,32.3174,121.1855,11.311111111111112,88,90,4.45,CN,1712428706
182,colonia,50.9333,6.95,23.272222222222222,38,0,6.91,DE,1712428513
183,tralee,52.2704,-9.7026,11.138888888888888,71,75,18.41,IE,1712428706
184,saskatoon,52.1168,-106.6345,10.98888888888889,50,75,4.61,CA,1712428198
185,navia,43.5354,-6.7194,15.772222222222224,61,100,6.11,ES,1712428707
186,zhanjiang,21.2815,110.3427,24.6,83,1,8.93,CN,1712428707
187,brookings,44.3114,-96.7984,14.688888888888888,48,0,5.99,US,1712428707
188,kiunga,-6.1219,141.2906,23.261111111111116,99,74,1.81,PG,1712428707
189,udachny,66.4167,112.4,-21.97222222222222,91,100,9.31,RU,1712428707
190,tiffin,41.1145,-83.178,12.472222222222225,57,94,10.78,US,1712428524
191,yellowknife,62.456,-114.3525,0.3111111111111124,74,20,12.66,CA,1712428707
192,lubang,13.8584,120.124,27.36111111111111,80,10,19.22,PH,1712428708
193,pacasmayo,-7.4006,-79.5714,25.349999999999998,69,87,16.44,PE,1712428417
194,as sulayyil,20.4607,45.5779,29.138888888888893,27,47,8.01,SA,1712428432
195,labytnangi,66.6572,66.4183,-5.35,77,68,11.23,RU,1712428708
196,kochenevo,55.0218,82.202,4.661111111111111,86,84,5.57,RU,1712428708
197,iskateley,67.6803,53.1512,-7.211111111111111,89,100,15.01,RU,1712428708
198,iquitos,-3.7481,-73.2472,28.022222222222222,89,75,5.75,PE,1712428709
199,yatou,37.15,122.3833,9.43888888888889,55,1,9.53,CN,1712428709
200,benguela,-12.5763,13.4055,26.46111111111111,84,98,5.66,AO,1712428709
201,ancud,-41.8697,-73.8203,14.022222222222224,90,100,13.67,CL,1712428709
202,selfoss,63.9331,-20.9971,-1.377777777777778,42,100,27.02,IS,1712428709
203,sabang,5.8933,95.3214,28.83888888888889,75,86,5.08,ID,1712428434
204,molde,62.7375,7.1591,7.622222222222222,61,100,14.97,NO,1712428518
205,malango,-2.9627,119.9001,20.638888888888893,99,100,1.12,ID,1712428710
206,la passe,45.5549,-0.8967,22.127777777777776,77,100,10.18,FR,1712428710
207,kargasok,59.0556,80.8572,-5.022222222222222,87,100,18.99,RU,1712428710
208,klaksvik,62.2266,-6.589,6.511111111111111,99,100,18.68,FO,1712428710
209,panchgani,17.9167,73.8167,25.438888888888894,31,59,3.2,IN,1712428710
210,raghunathpur,23.55,86.6667,30.900000000000002,22,78,5.66,IN,1712428710
211,tazovsky,67.4667,78.7,-12.450000000000001,92,59,17.49,RU,1712428710
212,daru,-9.0763,143.2092,25.8,90,66,3.65,PG,1712428442
213,fort mcmurray,56.7268,-111.381,0.7722222222222226,93,100,5.75,CA,1712428711
214,iaciara,-14.0958,-46.6317,29.272222222222222,63,25,2.39,BR,1712428561
215,purranque,-40.9167,-73.1667,14.627777777777778,69,98,5.93,CL,1712428711
216,paradip garh,20.3167,86.6167,27.738888888888894,80,10,10.38,IN,1712428711
217,east london,-33.0153,27.9116,15.522222222222222,94,100,6.91,ZA,1712428711
218,oroqen zizhiqi,50.5667,123.7167,-5.272222222222221,45,90,8.95,CN,1712428711
219,merizo village,13.2658,144.6691,26.85,94,96,16.75,GU,1712428426
220,darwin,-12.4611,130.8418,26.98888888888889,89,100,5.75,AU,1712428509
221,tsumeb,-19.2333,17.7167,23.338888888888892,59,94,2.39,NA,1712428712
222,la ronge,55.1001,-105.2842,9.122222222222224,49,40,10.36,CA,1712428712
223,mazatlan,23.2167,-106.4167,26.97777777777778,50,40,10.0,MX,1712428534
224,hafar al-batin,28.4328,45.9708,27.322222222222226,16,0,9.22,SA,1712428712
225,labrador city,52.9463,-66.9114,1.949999999999999,48,40,6.91,CA,1712428712
226,talnakh,69.4865,88.3972,-18.5,89,100,15.01,RU,1712428713
227,prince rupert,54.3161,-130.3201,5.827777777777779,91,100,9.22,CA,1712428713
228,le port,-20.9373,55.2919,26.999999999999996,83,16,0.92,RE,1712428713
229,preobrazheniye,42.9019,133.9064,4.449999999999999,92,9,3.94,RU,1712428713
230,prachuap khiri khan,12.2167,99.75,23.61111111111111,90,4,3.0,TH,1712428713
231,port saint john's,-31.6229,29.5448,18.461111111111116,85,100,10.33,ZA,1712428713
232,rudnichnyy,59.617,52.4703,-5.03888888888889,78,85,4.81,RU,1712428713
233,mezhdurechenskiy,59.6,65.9333,-8.777777777777779,89,21,1.52,RU,1712428713
234,hamilton,39.1834,-84.5333,14.43888888888889,46,75,5.99,US,1712428428
235,pisco,-13.7,-76.2167,24.450000000000003,73,98,9.22,PE,1712428448
236,kattivakkam,13.2167,80.3167,30.061111111111114,79,98,11.39,IN,1712428714
237,flying fish cove,-10.4217,105.6791,26.822222222222223,94,75,6.91,CX,1712428714
238,mechanicville,42.9029,-73.6873,9.788888888888888,61,100,10.36,US,1712428586
239,bikenibeu village,1.3673,173.1241,26.97777777777778,94,40,9.22,KI,1712428714
240,tura,25.5198,90.2201,23.527777777777775,84,12,5.95,IN,1712428714
241,haiku-pauwela,20.9219,-156.3051,23.45,78,20,11.5,US,1712428714
242,champerico,14.3,-91.9167,36.300000000000004,62,6,13.04,GT,1712428715
243,encruzilhada do sul,-30.5439,-52.5219,23.061111111111114,48,75,11.65,BR,1712428515
244,aktanysh,55.7216,54.0829,2.6,96,100,9.31,RU,1712428715
245,fort bragg,35.139,-79.006,16.572222222222223,35,0,14.97,US,1712428715
246,gamawa,12.1343,10.5396,33.68888888888889,13,97,8.05,NG,1712428716
247,anadyr,64.75,177.4833,-23.722222222222225,83,0,11.18,RU,1712428716
248,northam,51.0333,-4.2167,12.98888888888889,93,82,27.16,GB,1712428716
249,cidreira,-30.1811,-50.2056,22.57777777777778,58,2,14.23,BR,1712428716
250,prince george,53.9166,-122.753,6.8277777777777775,46,75,6.91,CA,1712428435
251,ponta delgada,37.7333,-25.6667,16.400000000000002,63,40,18.41,PT,1712428418
252,zheleznogorsk-ilimskiy,56.5768,104.1217,-6.461111111111111,97,87,1.99,RU,1712428519
253,peterhead,57.5058,-1.7981,12.472222222222225,75,0,33.02,GB,1712428717
254,susuman,62.7833,148.1667,-24.222222222222225,100,70,1.41,RU,1712428717
255,diapaga,12.0708,1.7889,33.43888888888889,37,100,11.12,BF,1712428717
256,galveston,29.3669,-94.9669,26.677777777777777,72,0,16.11,US,1712428717
257,cojutepeque,13.7167,-88.9333,31.877777777777776,34,96,1.59,SV,1712428717
258,sheridan,44.8333,-106.9173,2.2111111111111095,90,100,13.8,US,1712428718
259,antsiranana,-12.2787,49.2917,26.427777777777774,83,98,14.14,MG,1712428434
260,fortaleza,-3.7227,-38.5247,30.6,89,40,9.22,BR,1712428492
261,kosh-agach,50.0,88.6667,0.1722222222222235,64,8,3.0,RU,1712428520
262,griffith,41.5284,-87.4237,13.411111111111111,65,0,8.05,US,1712428718
263,lazaro cardenas,17.9583,-102.2,28.87777777777778,40,19,11.63,MX,1712428718
264,markala,13.7021,-6.0659,38.32222222222222,24,99,10.0,ML,1712428718
265,bechar,31.6167,-2.2167,31.17777777777778,8,40,11.5,DZ,1712428718
266,hadibu,12.65,54.0333,27.150000000000002,74,78,6.2,YE,1712428718
267,carnarvon,-24.8667,113.6333,23.327777777777776,68,0,15.5,AU,1712428719
268,ardestan,33.3761,52.3694,23.138888888888893,22,99,7.23,IR,1712428719
269,ambon,-3.6954,128.1814,27.71111111111111,95,100,3.85,ID,1712428719
270,sferracavallo,42.726,12.0956,17.922222222222224,85,10,3.24,IT,1712428719
271,golyshmanovo,56.3979,68.3728,-4.9222222222222225,74,11,12.28,RU,1712428719
272,patterson,37.4716,-121.1297,14.861111111111112,69,3,5.93,US,1712428719
273,yigo village,13.5361,144.8886,26.161111111111115,86,20,13.8,GU,1712428719
274,guiglo,6.5456,-7.4966,28.072222222222223,72,90,3.58,CI,1712428720
275,talcahuano,-36.7167,-73.1167,18.82222222222222,55,75,9.22,CL,1712428449
276,san antonio de pale,-1.4014,5.6325,28.077777777777783,79,100,10.16,GQ,1712428720
277,penzance,50.1186,-5.5371,10.377777777777778,81,44,28.92,GB,1712428720
278,sadovoye,47.7764,44.5089,9.07777777777778,61,6,7.61,RU,1712428720
279,monte santo,-10.4378,-39.3328,31.85,38,28,5.01,BR,1712428720
280,birao,10.2849,22.7882,30.2,40,93,6.91,CF,1712428720
281,kununurra,-15.7667,128.7333,22.988888888888887,73,100,3.44,AU,1712428577
282,guatire,10.4762,-66.5427,35.37777777777778,43,98,6.38,VE,1712428721
283,peniche,39.3558,-9.3811,17.822222222222223,86,100,6.87,PT,1712428721
284,kofele,7.0667,38.7833,12.138888888888891,82,81,7.49,ET,1712428721
285,ghanzi,-21.5667,21.7833,24.61111111111111,47,100,3.11,BW,1712428721
286,zouerate,22.7187,-12.4521,30.972222222222225,15,0,11.88,MR,1712428721
287,olinda,-8.0089,-34.8553,30.85,70,20,13.8,BR,1712428703
288,kankaanpaa,61.8,22.4167,-2.5777777777777784,98,51,2.06,FI,1712428721
289,stellenbosch,-33.9346,18.8668,18.788888888888884,56,9,16.75,ZA,1712428721
290,badger,64.8,-147.5333,0.9500000000000005,75,0,3.44,US,1712428721
291,opochka,56.7105,28.6617,7.622222222222222,98,100,3.85,RU,1712428722
292,bonthe,7.5264,-12.505,27.48888888888889,79,39,9.6,SL,1712428722
293,new plymouth,-39.0667,174.0833,10.450000000000001,70,0,7.05,NZ,1712428722
294,north branch,45.5113,-92.9802,14.472222222222221,42,5,5.01,US,1712428722
295,naze,28.3667,129.4833,19.511111111111113,93,100,4.54,JP,1712428722
296,okondja,-0.6549,13.6753,23.3,96,100,0.85,GA,1712428722
297,tokar,18.4254,37.729,28.938888888888894,67,100,8.41,SD,1712428723
298,sandnessjoen,66.0217,12.6316,-0.7111111111111118,75,100,9.17,NO,1712428723
299,puerto baquerizo moreno,-0.9,-89.6,29.55,70,40,6.91,EC,1712428723
300,santa cruz,-17.8,-63.1667,33.02777777777778,55,40,11.5,BO,1712428626
301,kirensk,57.7853,108.1119,-15.577777777777778,99,85,1.99,RU,1712428723
302,san rafael,-34.6177,-68.3301,31.727777777777778,8,0,3.18,AR,1712428480
303,ginir,7.1333,40.7,17.650000000000002,72,11,4.27,ET,1712428723
304,adrar,20.5022,-10.0711,34.12222222222223,9,4,7.87,MR,1712428724
305,kikwit,-5.041,18.8162,24.072222222222223,82,100,1.5,CD,1712428724
306,vielha,42.6846,0.7726,4.649999999999999,73,100,8.61,ES,1712428724
307,ajaccio,42.0,8.9167,13.988888888888889,77,0,1.14,FR,1712428522
308,rongelap,11.1635,166.8941,27.16111111111111,78,100,18.45,MH,1712428724
309,slave lake,55.2834,-114.769,-0.011111111111110876,86,100,2.3,CA,1712428724
310,kerur,16.0167,75.5667,31.477777777777778,29,98,7.36,IN,1712428724
311,manicore,-5.8092,-61.3003,25.85,86,100,2.66,BR,1712428725
312,cannonvale,-20.2833,148.7,24.66111111111111,92,99,3.74,AU,1712428725
313,west island,-12.1568,96.8225,27.988888888888887,89,100,2.3,CC,1712428713
314,iwon-up,40.3231,128.6553,10.799999999999999,53,0,5.21,KP,1712428725
315,notodden,59.5594,9.2585,5.0,91,100,3.22,NO,1712428726
316,muswellbrook,-32.2667,150.9,15.738888888888889,87,0,4.29,AU,1712428726
317,alofi,-19.0595,-169.9187,23.938888888888894,94,75,17.27,NU,1712428444
318,itaituba,-4.2761,-55.9836,32.088888888888896,66,40,8.05,BR,1712428726
319,barcelos,41.5388,-8.6151,17.07777777777778,94,98,5.46,PT,1712428679
320,port macquarie,-31.4333,152.9167,19.377777777777776,94,100,5.77,AU,1712428570
321,idabel,33.8957,-94.8263,22.97222222222222,50,0,17.27,US,1712428618
322,acarau,-2.8856,-40.12,28.400000000000002,78,80,8.08,BR,1712428727
323,hammerfest,70.6634,23.6821,-0.7500000000000008,74,100,18.41,NO,1712428727
324,crane,31.3974,-102.3501,24.288888888888888,19,99,25.08,US,1712428712
325,vanimo,-2.6741,141.3028,25.67222222222222,91,100,4.79,PG,1712428727
326,atafu village,-8.5421,-172.5159,29.288888888888888,73,10,5.59,TK,1712428625
327,el quebrachal,-25.2833,-64.0667,29.322222222222223,57,99,11.54,AR,1712428727
328,akcakale,36.7111,38.9475,16.12777777777778,72,0,8.3,TR,1712428727
329,pangody,65.85,74.4859,-9.47777777777778,87,14,17.94,RU,1712428446
330,tweed heads,-28.1817,153.547,24.000000000000004,95,75,16.11,AU,1712428728
331,agat village,13.3886,144.6585,27.06111111111111,87,20,9.22,GU,1712428728
332,banda aceh,5.5577,95.3222,27.03888888888889,77,52,3.33,ID,1712428728
333,hovd,48.0056,91.6419,5.150000000000002,46,10,1.9,MN,1712428429
334,xique xique,-10.8217,-42.7311,31.32777777777778,50,56,0.58,BR,1712428559
335,jabat,7.75,168.9751,27.52777777777778,80,24,17.72,MH,1712428728
336,turkmenbasy,40.0222,52.9552,12.427777777777777,62,0,9.22,TM,1712428728
337,bandarbeyla,9.4942,50.8122,27.788888888888888,72,78,8.93,SO,1712428728
338,pathein,16.7833,94.7333,25.638888888888893,92,99,8.9,MM,1712428729
339,yung shue wan,22.2333,114.1167,26.677777777777777,87,100,1.01,HK,1712428729
340,nuuk,64.1835,-51.7216,-2.6611111111111105,93,75,15.01,GL,1712428720
341,midvagur,62.0511,-7.1939,6.461111111111113,81,75,36.82,FO,1712428729
342,matale,7.4721,80.6234,21.25,92,100,0.98,LK,1712428729
343,mokhsogollokh,61.4681,128.9203,-12.65,91,100,7.07,RU,1712428730
344,biltine,14.5333,20.9167,29.87222222222222,39,8,4.81,TD,1712428730
345,santiago de cao,-7.9589,-79.2392,22.072222222222226,83,73,13.8,PE,1712428730
346,san luis de la loma,17.2706,-100.8939,30.749999999999996,43,68,8.5,MX,1712428730
347,westport,41.1415,-73.3579,11.272222222222222,50,100,14.97,US,1712428685
348,saint-philippe,-21.3585,55.7679,26.772222222222222,81,47,1.14,RE,1712428730
349,adalar,40.876,29.0947,17.1,29,0,9.22,TR,1712428730
350,codrington,-38.2667,141.9667,14.45,97,100,3.58,AU,1712428730
351,dwarka,22.2394,68.9678,25.577777777777783,66,0,14.29,IN,1712428730
352,wenzhou,27.9994,120.6668,14.749999999999998,91,100,1.86,CN,1712428731
353,mbandaka,0.0487,18.2603,22.900000000000002,93,100,3.44,CD,1712428731
354,princeville,45.7668,-61.2985,3.722222222222224,96,100,9.22,CA,1712428731
355,madinat ash shamal,26.1293,51.2009,25.27777777777778,42,0,5.5,QA,1712428731
356,cascais,38.6979,-9.4215,18.62222222222222,91,20,10.0,PT,1712428731
357,gore,-46.1028,168.9436,5.022222222222222,98,38,1.14,NZ,1712428731
358,mossel bay,-34.1831,22.146,16.961111111111112,85,100,24.14,ZA,1712428731
359,sola,-13.8833,167.55,27.06111111111111,82,82,20.31,VU,1712428731
360,evanston,42.0411,-87.6901,13.050000000000002,55,20,8.05,US,1712428433
361,chonchi,-42.6128,-73.8092,13.950000000000001,90,100,7.52,CL,1712428732
362,guarapari,-20.6667,-40.4975,27.16111111111111,69,0,10.27,BR,1712428607
363,el-tor,28.2364,33.6254,26.07777777777778,22,0,17.27,EG,1712428732
364,choibalsan,48.0667,114.5,1.4611111111111126,71,8,8.95,MN,1712428732
365,saldanha,-33.0117,17.9442,21.027777777777775,63,82,16.2,ZA,1712428732
366,waingapu,-9.6567,120.2641,26.0,88,100,6.11,ID,1712428732
367,rancagua,-34.1708,-70.7444,23.922222222222224,38,0,11.5,CL,1712428693
368,okhotsk,59.3833,143.3,-10.311111111111114,93,52,6.91,RU,1712428732
369,lincheng,19.9078,109.6858,24.377777777777776,86,4,0.85,CN,1712428733
370,paka,4.6374,103.4368,22.961111111111112,94,100,0.0,MY,1712428733
371,sittwe,20.15,92.9,27.2,87,32,7.16,MM,1712428733
372,fort st. john,56.2499,-120.8529,4.938888888888889,56,20,8.05,CA,1712428733
373,nova vicosa,-17.8919,-39.3719,27.11111111111111,69,0,8.55,BR,1712428733
374,vernon,50.2581,-119.2691,11.627777777777778,49,100,5.75,CA,1712428732
375,itoman,26.1247,127.6694,23.011111111111113,96,100,1.14,JP,1712428733
376,pimentel,-6.8367,-79.9342,29.161111111111108,54,0,20.71,PE,1712428733
377,slutsk,53.0274,27.5597,9.961111111111112,86,99,10.58,BY,1712428733
378,bogale,16.2833,95.4,26.822222222222223,78,30,8.25,MM,1712428734
379,usogorsk,63.4106,48.6872,-5.738888888888888,84,100,12.48,RU,1712428734
380,cabedelo,-6.9811,-34.8339,31.372222222222224,73,26,12.12,BR,1712428734
381,colares,38.7992,-9.4469,18.522222222222226,89,20,10.0,PT,1712428734
382,dunedin,-45.8742,170.5036,8.777777777777777,98,14,3.33,NZ,1712428734
383,port lincoln,-34.7333,135.8667,14.83888888888889,69,100,10.33,AU,1712428734
384,kailua-kona,19.6406,-155.9956,25.97777777777778,77,75,8.05,US,1712428545
385,sur,22.5667,59.5289,26.700000000000003,49,0,5.95,OM,1712428734
386,opuwo,-18.0607,13.84,24.377777777777776,61,100,5.7,NA,1712428734
387,newman,37.3138,-121.0208,14.027777777777779,69,0,3.0,US,1712428447
388,inarajan village,13.2736,144.7484,27.077777777777776,94,97,17.11,GU,1712428735
389,sinabang,2.4803,96.3801,26.727777777777778,86,100,3.42,ID,1712428722
390,mogadishu,2.0371,45.3438,29.200000000000003,73,97,14.63,SO,1712428587
391,queenstown,-31.8976,26.8753,10.911111111111111,95,100,10.94,ZA,1712428735
392,remire-montjoly,4.9167,-52.2667,31.022222222222226,66,75,13.8,GF,1712428670
393,touros,-5.1989,-35.4608,29.72777777777778,67,94,10.67,BR,1712428505
394,pauini,-7.7136,-66.9764,29.88888888888889,68,70,3.27,BR,1712428735
395,malita,6.415,125.6117,25.72777777777778,89,100,7.38,PH,1712428735
396,nemuro,43.3236,145.575,3.911111111111111,91,99,16.26,JP,1712428736
397,berdigestyakh,62.0989,126.6992,-15.56111111111111,91,95,8.75,RU,1712428736
398,colonel hill,22.7667,-74.2167,24.050000000000004,72,2,5.61,BS,1712428736
399,viedma,-40.8135,-62.9967,31.322222222222223,22,0,21.0,AR,1712428736
400,kataba,13.9833,44.3833,16.861111111111114,76,22,2.71,YE,1712428737
401,leava,-14.3,-178.1667,28.400000000000002,79,100,8.7,WF,1712428737
402,barah,13.7,30.3667,30.33888888888889,13,25,11.79,SD,1712428737
403,isola di capo rizzuto,38.96,17.0933,15.477777777777778,66,11,8.55,IT,1712428737
404,cacapava do sul,-30.5122,-53.4914,25.527777777777782,43,100,9.46,BR,1712428737
405,tonder,54.9331,8.8667,17.97222222222222,78,100,14.58,DK,1712428737
406,sitamau,24.0167,75.35,27.938888888888894,22,14,11.95,IN,1712428737
407,turpan,42.9333,89.1667,17.627777777777776,18,14,12.8,CN,1712428737
408,arrifes,37.7667,-25.7,15.13888888888889,63,40,18.41,PT,1712428737
409,lata,40.1629,-8.3327,16.072222222222223,82,100,2.86,PT,1712428738
410,palmer,42.1584,-72.3287,8.677777777777777,58,100,17.27,US,1712428738
411,mombetsu,44.3525,143.3525,2.1388888888888897,72,0,6.98,JP,1712428738
412,agadez,19.75,10.25,31.227777777777774,9,1,10.74,NE,1712428738
413,kulhudhuffushi,6.6221,73.07,28.96111111111111,73,67,7.02,MV,1712428738
414,kapa'a,22.0752,-159.319,23.988888888888894,67,40,20.71,US,1712428721
415,huntington,38.4193,-82.4452,11.472222222222221,53,32,3.0,US,1712428001
416,katsuura,35.1333,140.3,14.011111111111111,95,100,6.93,JP,1712428738
417,sao joao da barra,-21.6403,-41.0511,31.05,75,3,14.72,BR,1712428738
418,inhambane,-23.865,35.3833,23.988888888888894,94,40,11.5,MZ,1712428739
419,novodvinsk,64.4165,40.8122,-2.8999999999999995,97,100,8.01,RU,1712428739
420,prado,-17.3411,-39.2208,27.3,70,55,10.38,BR,1712428739
421,bondo,3.8146,23.6866,22.022222222222222,95,100,3.11,CD,1712428739
422,la paz,-16.5,-68.15,16.988888888888887,55,75,10.36,BO,1712428521
423,uray,60.1247,64.7758,-7.28888888888889,84,98,3.0,RU,1712428739
424,gagnoa,6.1293,-5.9437,28.65,70,100,3.53,CI,1712428739
425,dana point,33.467,-117.6981,17.66111111111111,63,1,5.01,US,1712428570
426,jatoba,-9.1831,-38.2689,34.21111111111111,35,61,12.17,BR,1712428739
427,beau vallon,-20.4189,57.6953,27.127777777777776,83,40,4.61,MU,1712428740
428,callao,-12.0667,-77.15,25.161111111111115,73,0,9.22,PE,1712428740
429,darab,28.7519,54.5444,21.01111111111111,33,0,4.23,IR,1712428740
430,krasnyy yar,46.5331,48.3456,8.961111111111112,54,1,7.05,RU,1712428740
431,pacific grove,36.6177,-121.9166,14.122222222222224,61,20,7.0,US,1712428740
432,murzuq,25.9155,13.9184,24.98888888888889,15,0,10.0,LY,1712428740
433,labasa,-16.4167,179.3833,24.577777777777776,93,44,4.45,FJ,1712428740
434,verkhovazh'ye,60.7472,42.0465,0.0777777777777781,75,100,11.77,RU,1712428740
435,san francisco telixtlahuaca,17.3,-96.9,28.63888888888889,25,76,5.79,MX,1712428741
436,al jawf,29.5,38.75,21.18888888888889,26,2,23.73,SA,1712428741
437,macea,46.3833,21.3,20.0,67,100,5.77,RO,1712428741
438,lubango,-14.9172,13.4925,17.922222222222224,94,96,6.91,AO,1712428741
439,nyagan,62.1406,65.3936,-8.61111111111111,91,13,3.91,RU,1712428741
440,keelung,25.1283,121.7419,23.938888888888894,92,100,3.02,TW,1712428742
441,mandalgovi,45.7625,106.2708,5.0500000000000025,57,12,2.06,MN,1712428742
442,horasan,40.0458,42.1728,6.061111111111109,71,100,2.66,TR,1712428742
443,shohimardon,39.9839,71.8028,5.42777777777778,86,80,2.19,UZ,1712428742
444,arawa,-6.2132,155.5367,25.161111111111115,95,100,1.61,PG,1712428717
445,castillos,-34.1667,-53.8333,21.11111111111111,61,99,9.82,UY,1712428742
446,dubois,38.3464,-86.8897,14.461111111111112,43,0,0.0,US,1712428623
447,caraballeda,10.6112,-66.8522,37.138888888888886,39,40,13.42,VE,1712428743
448,dame-marie,18.5667,-74.4167,28.75,72,25,6.08,HT,1712428743
449,jiayuguan,39.8167,98.3,9.322222222222223,33,1,7.43,CN,1712428743
450,mount gambier,-37.8333,140.7667,14.722222222222223,88,99,10.56,AU,1712428497
451,zaranj,30.9667,61.8833,21.97777777777778,10,0,7.07,AF,1712428743
452,porteirinha,-15.7433,-43.0283,27.71111111111111,54,25,7.58,BR,1712428743
453,qarazhal,48.0078,70.7903,9.472222222222221,58,9,8.5,KZ,1712428743
454,kloulklubed,7.0419,134.2556,27.277777777777775,76,54,16.69,PW,1712428744
455,london,51.5085,-0.1257,16.48888888888889,75,100,18.01,GB,1712428027
456,santo antonio do ica,-3.1022,-67.9397,25.8,85,90,2.73,BR,1712428744
457,namibe,-15.1961,12.1522,23.23888888888889,80,100,11.07,AO,1712428744
458,lompoc,34.6391,-120.4579,16.500000000000004,58,0,11.5,US,1712428733
459,jaru,-10.4389,-62.4664,28.522222222222226,87,100,3.87,BR,1712428625
460,katabu,-4.9333,122.5167,24.22222222222222,96,50,2.35,ID,1712428744
461,greenville,35.6127,-77.3663,15.011111111111113,37,0,9.22,US,1712428744
462,cowra,-33.8333,148.6833,15.127777777777776,94,80,5.03,AU,1712428745
463,la'ie,21.6477,-157.9253,23.977777777777778,71,4,13.0,US,1712428713
464,cobija,-11.0267,-68.7692,31.611111111111114,58,17,3.13,BO,1712428745
465,ivins,37.1686,-113.6794,11.75,28,40,5.01,US,1712428745
466,elmadag,39.9208,33.2308,13.072222222222223,48,0,5.3,TR,1712428745
467,salinas,36.6777,-121.6555,15.161111111111111,61,0,3.44,US,1712428573
468,walvis bay,-22.9575,14.5053,18.527777777777775,68,3,11.5,NA,1712428745
469,tagiura,32.8817,13.3506,18.22777777777778,64,0,16.78,LY,1712428746
470,beyneu,45.3167,55.2,15.777777777777779,54,100,8.25,KZ,1712428746
471,san andres,12.5847,-81.7006,31.01111111111111,70,40,17.27,CO,1712428746
472,bornu yassu,12.2774,12.5552,31.888888888888893,9,63,8.39,NG,1712428746
473,suoyarvi,62.0833,32.35,-2.1888888888888896,90,100,6.49,RU,1712428746
474,yelizovo,53.1873,158.3805,-1.9222222222222227,54,0,8.95,RU,1712428746
475,tbeng meanchey,13.8167,104.9667,29.88888888888889,46,86,6.11,KH,1712428746
476,vila franca do campo,37.7167,-25.4333,16.227777777777778,73,100,14.92,PT,1712428747
477,nar'yan-mar,67.6713,53.087,-7.161111111111111,89,100,15.01,RU,1712428747
478,dalnegorsk,44.5604,135.5701,8.111111111111112,70,0,3.0,RU,1712428747
479,morehead city,34.7229,-76.726,15.03888888888889,40,0,16.11,US,1712428747
480,valea stanciului,43.9833,23.8667,20.72777777777778,50,100,13.94,RO,1712428747
481,aboso,5.3617,-1.9473,27.03888888888889,79,7,5.19,GH,1712428747
482,priozersk,61.0393,30.1291,1.722222222222223,82,100,5.68,RU,1712428748
483,ladario,-19.0047,-57.6017,35.16111111111112,55,40,6.91,BR,1712428748
484,san juan,-31.5375,-68.5364,32.022222222222226,22,0,13.02,AR,1712428559
485,bouna,9.2667,-3.0,33.08888888888889,39,51,3.53,CI,1712428748
486,kenai,60.5544,-151.2583,1.1888888888888893,80,100,0.0,US,1712428748
487,santyoku,37.4406,129.1708,11.18888888888889,62,100,10.0,KR,1712428748
488,cooma,-36.2333,149.1333,12.688888888888892,97,72,3.8,AU,1712428520
489,borkum,53.5809,6.6915,21.072222222222226,75,100,14.45,DE,1712428748
490,yuzhno-kurilsk,44.0306,145.8556,2.4277777777777763,88,67,11.56,RU,1712428726
491,sinop,41.7711,34.8709,7.488888888888887,64,0,2.62,TR,1712428749
492,takoradi,4.8845,-1.7554,28.36111111111111,80,8,8.97,GH,1712428749
493,ntcheu,-14.8203,34.6359,19.73888888888889,88,100,2.86,MW,1712428749
494,bardai,11.65,7.2333,30.300000000000004,38,64,6.87,NG,1712428749
495,ciudad lazaro cardenas,17.9583,-102.2,28.87777777777778,40,19,11.63,MX,1712428749
496,vallenar,-28.5708,-70.7581,29.961111111111116,20,0,7.45,CL,1712428749
497,coquimbo,-29.9533,-71.3436,17.849999999999998,77,20,14.97,CL,1712428675
498,richards bay,-28.783,32.0377,20.72222222222222,86,100,9.75,ZA,1712428749
499,nizhniy kuranakh,58.8353,125.4869,-17.677777777777777,98,100,5.14,RU,1712428750
500,sao gabriel da cachoeira,-0.1303,-67.0892,31.888888888888893,66,40,5.75,BR,1712428750
501,correntina,-13.3433,-44.6367,27.849999999999998,65,34,4.16,BR,1712428750
502,ibarreta,-25.2144,-59.8585,36.92777777777778,36,65,10.78,AR,1712428750
503,severo-yeniseyskiy,60.3725,93.0408,1.427777777777778,100,100,3.0,RU,1712428750
504,guanajuato,21.0186,-101.2591,24.438888888888886,18,100,13.76,MX,1712428462
505,thunder bay,48.4001,-89.3168,7.988888888888891,39,20,10.36,CA,1712428750
506,tulun,54.5611,100.5792,1.81111111111111,100,96,1.5,RU,1712428750
507,padang,-0.9492,100.3543,26.027777777777775,89,79,3.67,ID,1712428751
508,ludlow,42.1601,-72.4759,9.122222222222224,59,100,20.71,US,1712428751
509,tambo,-14.8,-73.9167,11.127777777777778,70,100,8.21,PE,1712428751
510,puerto carreno,6.189,-67.4859,32.98888888888889,55,40,4.61,CO,1712428751
511,guiuan,11.0333,125.7247,27.550000000000004,80,58,16.42,PH,1712428751
512,kingston,17.997,-76.7936,32.87222222222223,63,20,20.71,JM,1712428511
513,tortoli,39.9256,9.6572,15.899999999999999,88,0,10.36,IT,1712428751
514,derzhavinsk,51.1,66.3167,6.127777777777779,93,86,7.92,KZ,1712428751
515,chul'man,56.8479,124.9104,-18.177777777777777,93,100,15.01,RU,1712428752
516,idri,27.5,13.2667,24.238888888888887,14,0,9.89,LY,1712428752
517,tayoltita,24.0833,-105.9333,30.688888888888886,9,96,6.98,MX,1712428752
518,thinadhoo,0.5333,72.9333,28.000000000000004,79,100,13.42,MV,1712428752
519,diamantina,-18.2494,-43.6003,24.427777777777777,58,71,8.79,BR,1712428752
520,bucerias,20.75,-105.3333,24.98888888888889,65,40,6.91,MX,1712428554
521,grand falls-windsor,48.9332,-55.6649,3.06111111111111,78,100,7.0,CA,1712428752
522,ghadamis,30.1337,9.5007,27.16111111111111,14,0,11.21,LY,1712428752
523,lock haven,41.137,-77.4469,12.361111111111112,45,81,13.94,US,1712428752
524,vadso,70.0744,29.7487,-6.911111111111112,68,100,14.97,NO,1712428753
525,balykchy,42.4557,76.1861,8.122222222222222,64,100,4.0,KG,1712428753
526,guelendeng,10.9176,15.5501,34.08888888888889,23,94,5.61,TD,1712428753
527,boguchany,58.3814,97.4531,1.0277777777777786,93,100,3.0,RU,1712428753
528,ust'-ordynskiy,52.805,104.7508,2.9611111111111104,99,100,2.19,RU,1712428753
529,mahdia,35.5047,11.0622,21.97222222222222,65,0,10.0,TN,1712428753
530,porto novo,6.4965,2.6036,29.9,78,2,7.58,BJ,1712428753
531,hotan,37.0997,79.9269,16.427777777777777,19,100,7.49,CN,1712428753
532,ishikawa,26.4233,127.8214,22.977777777777778,95,75,0.0,JP,1712428754
533,khalkhal,37.6189,48.5258,8.08888888888889,87,100,5.57,IR,1712428754
534,warah,27.4481,67.7978,28.249999999999996,11,0,6.02,PK,1712428754
535,porto murtinho,-21.6989,-57.8825,38.32222222222222,31,93,6.73,BR,1712428754
536,aquidauana,-20.4711,-55.7872,39.1,23,40,9.17,BR,1712428558
537,moranbah,-22.0016,148.0466,21.638888888888893,96,66,8.88,AU,1712428715
538,santiago del estero,-27.7951,-64.2615,26.661111111111108,73,77,5.12,AR,1712428718
539,kill devil hills,36.0307,-75.676,13.0,59,40,10.36,US,1712428171
540,chulucanas,-5.0925,-80.1625,34.17777777777778,42,100,4.27,PE,1712428755
541,hami,42.8,93.45,12.811111111111114,24,100,7.72,CN,1712428740
542,tejen,37.3834,60.5054,18.88888888888889,28,0,11.25,TM,1712428755
543,arkalyk,50.2486,66.9114,7.627777777777776,84,38,8.25,KZ,1712428724
544,luena,-11.7833,19.9167,23.1,78,88,6.91,AO,1712428755
545,brokopondo,4.75,-55.1667,30.100000000000005,62,100,2.75,SR,1712428755
546,fale old settlement,-9.3852,-171.2468,29.400000000000002,71,10,4.92,TK,1712428755
547,caleta de carquin,-11.0925,-77.6267,24.62222222222222,76,33,12.77,PE,1712428755
548,pangai,-19.8,-174.35,27.06111111111111,78,75,13.8,TO,1712428639
549,luderitz,-26.6481,15.1594,15.411111111111113,81,0,20.96,NA,1712428718
550,macapa,0.0389,-51.0664,32.98888888888889,62,40,6.91,BR,1712428619
551,asau,46.4333,26.4,10.6,91,55,4.61,RO,1712428756
552,nyurba,63.2842,118.3319,-27.788888888888888,100,99,3.36,RU,1712428756
553,cockburn town,21.4612,-71.1419,26.97777777777778,74,20,9.22,TC,1712428756
554,sehwan,26.4279,67.863,30.288888888888888,19,0,5.64,PK,1712428756
555,rabaul,-4.1967,152.1721,27.4,82,100,8.79,PG,1712428756
556,gobabis,-22.45,18.9667,24.53888888888889,37,54,10.56,NA,1712428757
557,albertina,-22.2008,-46.6158,25.900000000000002,57,53,6.13,BR,1712428757
558,arno,60.1167,18.6333,-0.1222222222222216,94,100,8.28,SE,1712428757
559,salinopolis,-0.6136,-47.3561,28.77777777777778,72,78,9.35,BR,1712428470
560,chibougamau,49.9168,-74.3659,7.788888888888891,42,0,4.61,CA,1712428757
561,tommot,58.9564,126.2925,-16.47222222222222,97,100,7.56,RU,1712428757
562,key west,24.5557,-81.7826,26.0,55,20,8.05,US,1712428471
563,benghazi,32.1167,20.0667,18.000000000000004,72,0,15.59,LY,1712428757
564,ad dabbah,18.05,30.95,30.500000000000004,12,18,13.91,SD,1712428757
